"","baseMean","log2FoldChange","lfcSE","pvalue","padj"
"ENSG00000196136",72.9576265509145,0.874498852356272,0.202165373807723,6.52933885026886e-07,0.0126068474520991
